{
    "1-1": {
        "bottom": 43.44320946471326,
        "left": -131.1651209108407,
        "right": -121.27963718589558,
        "top": 50.28480219640167
    },
    "1-2": {
        "bottom": 38.37113982334469,
        "left": -128.47159487528177,
        "right": -119.41920612776195,
        "top": 45.05500312565713
    },
    "1-3": {
        "bottom": 33.260504021431615,
        "left": -126.14830090629837,
        "right": -117.80932739981482,
        "top": 39.8609792453542
    },
    "1-4": {
        "bottom": 28.080258375494306,
        "left": -124.12609889171762,
        "right": -116.4033432506774,
        "top": 34.65571423829836
    },
    "1-5": {
        "bottom": 22.801055822683065,
        "left": -122.35154279211078,
        "right": -115.16533913110943,
        "top": 29.40153961198865
    },
    "1-6": {
        "bottom": 17.39278078395811,
        "left": -120.78280523084287,
        "right": -114.06726226572368,
        "top": 24.06492940332247
    },
    "2-1": {
        "bottom": 45.05500312565713,
        "left": -123.45222193353752,
        "right": -113.77897111372819,
        "top": 51.630187973587724
    },
    "2-2": {
        "bottom": 39.8609792453542,
        "left": -121.27963718589558,
        "right": -112.44199500513916,
        "top": 46.26906499960524
    },
    "2-3": {
        "bottom": 34.65571423829836,
        "left": -119.41920612776195,
        "right": -111.29041651315492,
        "top": 40.97683983015506
    },
    "2-4": {
        "bottom": 29.40153961198865,
        "left": -117.80932739981482,
        "right": -110.28845065524635,
        "top": 35.696274540191446
    },
    "2-5": {
        "bottom": 24.06492940332247,
        "left": -116.4033432506774,
        "right": -109.40890476552305,
        "top": 30.383696470565308
    },
    "2-6": {
        "bottom": 18.61313717953684,
        "left": -115.16533913110943,
        "right": -108.63076131299788,
        "top": 25.00187591225916
    },
    "3-1": {
        "bottom": 46.26906499960524,
        "left": -115.34935208108418,
        "right": -106.04778392887455,
        "top": 52.51199064816586
    },
    "3-2": {
        "bottom": 40.97683983015506,
        "left": -113.77897111372819,
        "right": -105.28137119038153,
        "top": 47.059872537703804
    },
    "3-3": {
        "bottom": 35.696274540191446,
        "left": -112.44199500513916,
        "right": -104.62329280843595,
        "top": 41.70056099869533
    },
    "3-4": {
        "bottom": 30.383696470565308,
        "left": -111.29041651315492,
        "right": -104.05214676943045,
        "top": 36.36902495643802
    },
    "3-5": {
        "bottom": 25.00187591225916,
        "left": -110.28845065524635,
        "right": -103.55180888243733,
        "top": 31.017138480687546
    },
    "3-6": {
        "bottom": 19.515752724468296,
        "left": -109.40890476552305,
        "right": -103.10990327994489,
        "top": 25.604972518798437
    },
    "4-1": {
        "bottom": 47.059872537703804,
        "left": -106.95155210359586,
        "right": -98.18106633983493,
        "top": 52.9028163386704
    },
    "4-2": {
        "bottom": 41.70056099869533,
        "left": -106.04778392887455,
        "right": -98.0136471782414,
        "top": 47.40905488964208
    },
    "4-3": {
        "bottom": 36.36902495643802,
        "left": -105.28137119038153,
        "right": -97.87009493639779,
        "top": 42.01930435365442
    },
    "4-4": {
        "bottom": 31.017138480687546,
        "left": -104.62329280843595,
        "right": -97.74564610068863,
        "top": 36.66476897488543
    },
    "4-5": {
        "bottom": 25.604972518798437,
        "left": -104.05214676943045,
        "right": -97.63672560941959,
        "top": 31.295206648270604
    },
    "4-6": {
        "bottom": 20.095793812228806,
        "left": -103.55180888243733,
        "right": -97.54059800913862,
        "top": 25.869419075418232
    },
    "5-1": {
        "bottom": 47.308023411109936,
        "left": -98.37884287998135,
        "right": -89.76734103771821,
        "top": 52.922085521459294
    },
    "5-2": {
        "bottom": 41.927132429389225,
        "left": -98.18106633983493,
        "right": -90.28440781526055,
        "top": 47.42624948461317
    },
    "5-3": {
        "bottom": 36.579282968623545,
        "left": -98.0136471782414,
        "right": -90.722335651929,
        "top": 42.03498685851623
    },
    "5-4": {
        "bottom": 31.21485505677059,
        "left": -97.87009493639779,
        "right": -91.09798673143183,
        "top": 36.67931104963286
    },
    "5-5": {
        "bottom": 25.79302266284929,
        "left": -97.74564610068863,
        "right": -91.42375394047187,
        "top": 31.308873261421088
    },
    "5-6": {
        "bottom": 20.27649916628667,
        "left": -97.63672560941959,
        "right": -91.7089486221309,
        "top": 25.882411426923746
    },
    "6-1": {
        "bottom": 46.75929431150171,
        "left": -90.28440781526055,
        "right": -81.2568653026348,
        "top": 52.78964083776112
    },
    "6-2": {
        "bottom": 41.425780522985875,
        "left": -90.722335651929,
        "right": -82.46581257397371,
        "top": 47.308023411109936
    },
    "6-3": {
        "bottom": 36.11379942417426,
        "left": -91.09798673143183,
        "right": -83.4925775381807,
        "top": 41.927132429389225
    },
    "6-4": {
        "bottom": 30.77697171673421,
        "left": -91.42375394047187,
        "right": -84.37526164847769,
        "top": 36.579282968623545
    },
    "6-5": {
        "bottom": 25.376422407739373,
        "left": -91.7089486221309,
        "right": -85.1420788503303,
        "top": 31.21485505677059
    },
    "6-6": {
        "bottom": 19.876070183592237,
        "left": -91.96070177096043,
        "right": -85.81435526049034,
        "top": 25.79302266284929
    },
    "7-1": {
        "bottom": 45.77609500192096,
        "left": -82.46581257397371,
        "right": -72.97769398703414,
        "top": 52.17629423217594
    },
    "7-2": {
        "bottom": 40.52442837749751,
        "left": -83.4925775381807,
        "right": -74.82704482109752,
        "top": 46.75929431150171
    },
    "7-3": {
        "bottom": 35.27486464754467,
        "left": -84.37526164847769,
        "right": -76.40529707238784,
        "top": 41.425780522985875
    },
    "7-4": {
        "bottom": 29.986284429909087,
        "left": -85.1420788503303,
        "right": -77.76728267810226,
        "top": 36.11379942417426
    },
    "7-5": {
        "bottom": 24.62302372717079,
        "left": -85.81435526049034,
        "right": -78.95414261615224,
        "top": 30.77697171673421
    },
    "7-6": {
        "bottom": 19.150998069109203,
        "left": -86.40850308043623,
        "right": -79.99730483736217,
        "top": 25.376422407739373
    },
    "8-1": {
        "bottom": 44.38037850845701,
        "left": -74.82704482109752,
        "right": -65.03947867019089,
        "top": 51.08271491304841
    },
    "8-2": {
        "bottom": 39.2385299796353,
        "left": -76.40529707238784,
        "right": -67.45617557085323,
        "top": 45.77609500192096
    },
    "8-3": {
        "bottom": 34.073600686542264,
        "left": -77.76728267810226,
        "right": -69.53205635270274,
        "top": 40.52442837749751
    },
    "8-4": {
        "bottom": 28.850867823998055,
        "left": -78.95414261615224,
        "right": -71.33284512961941,
        "top": 35.27486464754467
    },
    "8-5": {
        "bottom": 23.538651157237304,
        "left": -79.99730483736217,
        "right": -72.90875440678325,
        "top": 29.986284429909087
    },
    "8-6": {
        "bottom": 18.105364090619858,
        "left": -80.92116516327017,
        "right": -74.29870687537606,
        "top": 24.62302372717079
    },
    "9-1": {
        "bottom": 42.59983643941424,
        "left": -67.45617557085323,